{
  "project_info": {
    "project_number": "815745920299",
    "firebase_url": "https://myfit-1b1v.firebaseio.com",
    "project_id": "myfit-1b1v",
    "storage_bucket": "myfit-1b1v.appspot.com"
  },
  "client": [
    {
      "client_info": {
        "mobilesdk_app_id": "1:815745920299:android:0bc2f1d95a3b8f44",
        "android_client_info": {
          "package_name": "vyvital.myfit"
        }
      },
      "oauth_client": [
        {
          "client_id": "815745920299-poemsatrsa2to6v548qb5r6le1jn4ufe.apps.googleusercontent.com",
          "client_type": 1,
          "android_info": {
            "package_name": "vyvital.myfit",
            "certificate_hash": "cfcfc2403437efa82b942893cd264c629ca5bc31"
          }
        },
        {
          "client_id": "815745920299-fa5op1q66pbi5dtf8ods449s2o710j2j.apps.googleusercontent.com",
          "client_type": 3
        }
      ],
      "api_key": [
        {
          "current_key": "AIzaSyBEd3X9iZsA_u7hpIelI9jACtDFVKl--Mw"
        }
      ],
      "services": {
        "analytics_service": {
          "status": 1
        },
        "appinvite_service": {
          "status": 2,
          "other_platform_oauth_client": [
            {
              "client_id": "815745920299-fa5op1q66pbi5dtf8ods449s2o710j2j.apps.googleusercontent.com",
              "client_type": 3
            }
          ]
        },
        "ads_service": {
          "status": 2
        }
      }
    }
  ],
  "configuration_version": "1"
}